index	precursor_id	RT	run_id	leftWidth	rightWidth	run	apexIntensity
0	AADGQTVSGGSILYR3	2803.2	run0_Strep0Repl1_R01	2766.0	2827.2	Run #0 Spyogenes 0% human plasma	100
3	AADGQTVSGGSILYR3	2772.6	run12_Strep0Repl1_R04	2742.0	2793.0	Run #2 Spyogenes 0% human plasma	100
5	AADGQTVSGGSILYR3	2861.4	run4_Strep0Repl2_R02	2841.0	2885.4	Run #1 Spyogenes 0% human plasma	100
9	AADGQTVSGGSILYR3	2786.4	run7_Strep10Repl1_R02	2776.2	2803.2	Run #3 Spyogenes 10% human plasma	100
14	AADGQTVSGGSILYR3	2854.8	run11_Strep10Repl2_R03	2841.0	2868.0	Run #4 Spyogenes 10% human plasma	100
15	AADGQTVSGGSILYR3	2857.8	run15_Strep10Repl2_R04	2844.6	2871.6	Run #5 Spyogenes 10% human plasma	100
